{"loss/ce": 0.05878947675228119, "loss/tr": 0.08230198919773102, "loss/af": 0.01304700318723917, "time/batch_time": 0.6686973571777344, "lr": 0.0008, "epoch": 59, "iter": 171, "training_phase": 4, "_timestamp": 1765804584.100204, "_runtime": 33624.68796491623, "_step": 42044, "results/msmt17_mAP": 31.168851256370544, "results/msmt17_R@1": 58.066731691360474, "results/sense_mAP": 43.573182821273804, "results/sense_R@1": 35.42470932006836, "results/grid_mAP": 31.18433952331543, "results/grid_R@1": 20.800000429153442, "results/prid_mAP": 48.65025579929352, "results/prid_R@1": 40.99999964237213, "results/Seen-Avg_mAP": 49.1, "results/Seen-Avg_R@1": 63.2, "results/UnSeen-Avg_mAP": 41.1, "results/UnSeen-Avg_R@1": 32.4, "loss/l2sp": 0.7812163233757019, "results/cuhk03_mAP": 28.03940773010254, "results/cuhk03_R@1": 28.285714983940125, "results/cuhk_sysu_mAP": 79.33788299560547, "results/cuhk_sysu_R@1": 81.93103671073914, "results/market1501_mAP": 53.75325679779053, "results/market1501_R@1": 76.63301825523376, "results/dukemtmc_mAP": 53.191232681274414, "results/dukemtmc_R@1": 71.27468585968018, "_wandb": {"runtime": 33624}}