{"loss/ce": 7.041793346405029, "loss/tr": 3.4792723655700684, "loss/af": 0.006816341541707516, "time/batch_time": 1.8019132614135742, "lr": 8e-05, "epoch": 0, "iter": 1, "training_phase": 3, "_timestamp": 1765769887.0171819, "_runtime": 5737.6024878025055, "_step": 6718, "results/market1501_mAP": 78.17282676696777, "results/market1501_R@1": 90.94418287277222, "results/sense_mAP": 39.3988162279129, "results/sense_R@1": 31.85328245162964, "results/grid_mAP": 27.310582995414734, "results/grid_R@1": 19.200000166893005, "results/prid_mAP": 35.13597249984741, "results/prid_R@1": 27.000001072883606, "results/Seen-Avg_mAP": 78.3, "results/Seen-Avg_R@1": 85.9, "results/UnSeen-Avg_mAP": 33.9, "results/UnSeen-Avg_R@1": 26.0, "loss/l2sp": 6.954767428624109e-08, "results/cuhk_sysu_mAP": 78.52512001991272, "results/cuhk_sysu_R@1": 80.75861930847168, "_wandb": {"runtime": 5737}}