{"loss/ce": 0.001461333711631596, "loss/tr": 0.05466265231370926, "loss/af": 0.0127424830570817, "time/batch_time": 1.1401684284210205, "lr": 0.0008, "epoch": 59, "iter": 75, "training_phase": 4, "_timestamp": 1765818790.0515327, "_runtime": 48106.888501644135, "_step": 40784, "results/market1501_mAP": 73.92216920852661, "results/market1501_R@1": 89.99406099319458, "results/sense_mAP": 50.552189350128174, "results/sense_R@1": 41.50579273700714, "results/grid_mAP": 38.85456025600433, "results/grid_R@1": 28.00000011920929, "results/prid_mAP": 60.06644368171692, "results/prid_R@1": 49.000000953674316, "results/Seen-Avg_mAP": 52.4, "results/Seen-Avg_R@1": 64.4, "results/UnSeen-Avg_mAP": 49.8, "results/UnSeen-Avg_R@1": 39.5, "loss/l2sp": 0.45606276392936707, "results/cuhk_sysu_mAP": 81.97440505027771, "results/cuhk_sysu_R@1": 83.41379165649414, "results/dukemtmc_mAP": 49.25276339054108, "results/dukemtmc_R@1": 67.3698365688324, "results/msmt17_mAP": 19.321799278259277, "results/msmt17_R@1": 43.837377429008484, "results/cuhk03_mAP": 37.51256763935089, "results/cuhk03_R@1": 37.5, "_wandb": {"runtime": 48106}}