{"loss/ce": 6.223790645599365, "loss/tr": 5.808892250061035, "loss/af": 0, "time/batch_time": 5.881769418716431, "lr": 8e-05, "epoch": 0, "iter": 0, "training_phase": 1, "_timestamp": 1765705305.2064247, "_runtime": 17.798139810562134, "_step": 0}