{"loss/ce": 6.2203369140625, "loss/tr": 6.395002841949463, "loss/af": 0, "time/batch_time": 11.429350137710571, "lr": 8e-05, "epoch": 0, "iter": 0, "training_phase": 1, "_timestamp": 1765768314.401248, "_runtime": 24.334941864013672, "_step": 0, "_wandb": {"runtime": 23}}