{"loss/ce": 6.218393325805664, "loss/tr": 5.338180065155029, "loss/af": 0, "time/batch_time": 6.357508420944214, "lr": 8e-05, "epoch": 0, "iter": 0, "training_phase": 1, "_timestamp": 1765705100.8189056, "_runtime": 18.363081693649292, "_step": 0, "_wandb": {"runtime": 17}}