{"loss/ce": 1.6795226335525513, "loss/tr": 0.6255241632461548, "loss/af": 0, "time/batch_time": 0.5404171943664551, "lr": 0.00404, "epoch": 5, "iter": 5, "training_phase": 1, "_timestamp": 1765763912.9701183, "_runtime": 282.2679772377014, "_step": 360, "_wandb": {"runtime": 281}}