{"loss/ce": 6.223790645599365, "loss/tr": 5.808892250061035, "loss/af": 0, "time/batch_time": 6.293775320053101, "lr": 8e-05, "epoch": 0, "iter": 0, "training_phase": 1, "_timestamp": 1765704718.0849967, "_runtime": 23.683913707733154, "_step": 0, "_wandb": {"runtime": 22}}