{"GPU_Memory_Usage(GB)": 1.737360954284668, "loss/ce": 4.555551528930664, "loss/tr": 1.0738991498947144, "loss/af": 0.004599594511091709, "time/batch_time": 1.048109531402588, "lr": 8e-05, "epoch": 0, "iter": 1, "training_phase": 3, "_timestamp": 1765822314.7205038, "_runtime": 8297.173801898956, "_step": 10538, "results/msmt17_mAP": 36.05397343635559, "results/msmt17_R@1": 63.00711631774902, "results/sense_mAP": 38.6655330657959, "results/sense_R@1": 31.370657682418823, "results/grid_mAP": 18.21826696395874, "results/grid_R@1": 11.20000034570694, "results/prid_mAP": 49.860209226608276, "results/prid_R@1": 40.00000059604645, "results/Seen-Avg_mAP": 33.2, "results/Seen-Avg_R@1": 47.2, "results/UnSeen-Avg_mAP": 35.6, "results/UnSeen-Avg_R@1": 27.5, "loss/l2sp": 1.0872032873976423e-07, "results/cuhk03_mAP": 30.29160499572754, "results/cuhk03_R@1": 31.357142329216003, "_wandb": {"runtime": 8296}}