{"loss/ce": 0.017438828945159912, "loss/tr": 0.013614008203148842, "loss/af": 0, "time/batch_time": 0.530677080154419, "lr": 0.0008, "epoch": 79, "iter": 70, "training_phase": 0, "_timestamp": 1765701437.739564, "_runtime": 3682.855423927307, "_step": 5684, "results/market1501_mAP": 77.46387720108032, "results/market1501_R@1": 90.58788418769836, "results/sense_mAP": 32.249537110328674, "results/sense_R@1": 25.193050503730774, "results/grid_mAP": 20.447558164596558, "results/grid_R@1": 11.999999731779099, "results/prid_mAP": 30.226317048072815, "results/prid_R@1": 21.99999988079071, "results/Seen-Avg_mAP": 77.5, "results/Seen-Avg_R@1": 90.6, "results/UnSeen-Avg_mAP": 27.6, "results/UnSeen-Avg_R@1": 19.7, "_wandb": {"runtime": 3700}}