{"loss/ce": 0.0006490559317171574, "loss/tr": 0.009487433359026909, "loss/af": 0.010190151631832123, "time/batch_time": 0.9919862747192383, "lr": 0.0008, "epoch": 59, "iter": 37, "training_phase": 4, "_timestamp": 1765750350.3657544, "_runtime": 43955.377987384796, "_step": 20384, "results/market1501_mAP": 67.52631068229675, "results/market1501_R@1": 85.74821949005127, "results/sense_mAP": 51.4251172542572, "results/sense_R@1": 43.050193786621094, "results/grid_mAP": 44.11792457103729, "results/grid_R@1": 34.40000116825104, "results/prid_mAP": 63.972753286361694, "results/prid_R@1": 54.00000214576721, "results/Seen-Avg_mAP": 55.2, "results/Seen-Avg_R@1": 68.3, "results/UnSeen-Avg_mAP": 53.2, "results/UnSeen-Avg_R@1": 43.8, "loss/l2sp": 0.20117639005184174, "results/cuhk_sysu_mAP": 84.26647782325745, "results/cuhk_sysu_R@1": 85.58620810508728, "results/dukemtmc_mAP": 55.38802742958069, "results/dukemtmc_R@1": 72.03770279884338, "results/msmt17_mAP": 26.08417272567749, "results/msmt17_R@1": 53.675270080566406, "results/cuhk03_mAP": 42.94663369655609, "results/cuhk03_R@1": 44.42857205867767, "_wandb": {"runtime": 43955}}